{
   
    "faq": {
        "builder": true,
        "name": "FAQ Section",
        "content": {
            "heading": "text",
            "sub_heading": "text"
        },
        "element": {
            "title": "text",
            "answer": "textarea",
            "modal": true
        }
    },
   

    "policy_pages": {
        "builder": true,
        "no_selection":true,
        "name": "Policy Pages",
        "element": {
            "title": "text",
            "details": "textarea-nic",
            "modal": false
        }
    },
    "patner": {
        "builder": true,
        "name": "Patner Section",
        "content": {
            "heading": "text",
            "sub_heading": "text"
        },
        "element": {
            "images":{
                "background_image":{
                    "size":"255x241"
                }
            },
            "modal": true
        }
    },
    "testimonial": {
        "builder": true,
        "name": "Testimonial Section",
        "content": {
            "images":{
                "background_image":{
                    "size":"1920x1280"
                }
            },
            "heading": "text",
            "sub_heading": "text"
        },
        "element": {
            "name" : "text",
            "testimonial" : "textarea",
            "rating" : "text",
            "donor_count" : "text",
            "modal": true
        }
    },
    
    "blog": {
        "builder": true,
        "name": "Blog Section",
        "content": {
            "heading": "text",
            "sub_heading": "text"
        },
        "element": {
            "images":{
                "blog_image":{
                    "size":"728x465"
                }
            },
            "title": "text",
            "description_nic": "textarea-nic",
            "modal": false
        }
    }
}
